photo_2014_5590.png,1609696160969616096961609696160969616096961609696160969616096961609696160969616096961609696160969616096961609696
photo_2014_5590.png,1609696160969616096961609696160969616096961609696160969616096961609696160969616096961609696160969616096961609696
photo_2014_5590.png,1609696160969616096961609696160969616096961609696160969616096961609696160969616096961609696160969616096961609696
photo_2014_5590.png,1609696160969616096961609696160969616096961609696160969616096961609696160969616096961609696160969616096961609696
photo_2014_5590.png,1609696160969616096961609696160969616096961609696160969616096961609696160969616096961609696160969616096961609696
photo_2014_5590.png,1609696160969616096961609696160969616096961609696160969616096961609696160969616096961609696160969616096961609696
photo_2014_5590.png,1609696160969616096961609696160969616096961609696160969616096961609696160969616096961609696160969616096961609696
photo_2014_5590.png,1609696160969616096961609696160969616096961609696160969616096961609696160969616096961609696160969616096961609696
photo_2014_5590.png,1609696160969616096961609696160969616096961609696160969616096961609696160969616096961609696160969616096961609696
photo_2014_5590.png,1459696145969614596961459696128737312873731287373128737316096961609696160969616096961609696160969616096961609696
photo_2014_5590.png,1609696160969616096961609696160969616096961609696160969616096961609696160969616096961609696160969616096961609696
photo_2014_5590.png,1609696160969616096961609696160969616096961609696160969616096961609696160969616096961609696160969616096961609696
photo_2014_7822.png,160160160160160160160160160160160160160160160160160160160160160160160160160160160160160160160160160160160160160160160160160160160160160160160160
photo_2014_5116.png,9616096961609696160969616096961609696160969616096961609696160969616096961609696160969616096961609696160969616096
photo_2014_5590.png,1609696160969616096961609696160969616096961609696160969616096961609696160969616096961609696160969616096961609696
photo_2014_5590.png,1609696160969616096961609696160969616096961609696160969616096961609696160969616096961609696160969616096961609696
photo_2014_5590.png,1609696160969616096961609696160969616096961609696160969616096961609696160969616096961609696160969616096961609696
photo_2014_5590.png,1609696160969616096961609696160969616096961609696160969616096961609696160969616096961609696160969616096961609696
photo_2014_5590.png,1609696160969616096961609696143797914379791437979143797913066661306666130666613066661609696160969616096961609696
photo_2014_5590.png,1609696160969616096961609696160969616096961609696160969616096961609696160969616096961609696160969616096961609696
photo_2014_5590.png,1609696160969616096961609696160969616096961609696160969616096961609696160969616096961609696160969616096961609696
photo_2014_5590.png,1609696160969616096961609696160969616096961609696160969616096961609696160969616096961609696160969616096961609696
photo_2014_5590.png,1609696160969616096961609696160969616096961609696160969616096961609696160969616096961609696160969616096961609696
photo_2014_5590.png,1609696160969616096961609696160969616096961609696160969616096961609696160969616096961609696160969616096961609696
photo_2014_5116.png,9616096961609696160969616096961609696160969616096961609696160969616096961609696160969616096961609696160969616096
photo_2014_5116.png,9616096961609696160969616096961609696160969616096961609696160969616096961609696160969616096961609696160969616096
photo_2014_5590.png,1609696160969616096961609696160969616096961609696160969616096961609696160969616096961609696160969616096961609696
photo_2014_5590.png,1609696160969616096961609696160969616096961609696160969616096961609696160969616096961609696160969616096961609696
photo_2014_5590.png,1609696160969616096961609696143797914379791437979143797913066661306666130666613066661609696160969616096961609696
photo_2014_5590.png,1609696160969616096961609696160969616096961609696160969616096961609696160969616096961609696160969616096961609696
photo_2014_5590.png,1609696160969616096961609696160969616096961609696160969616096961609696160969616096961609696160969616096961609696
photo_2014_5590.png,1609696160969616096961609696160969616096961609696160969616096961609696160969616096961609696160969616096961609696
photo_2014_5590.png,1609696160969616096961609696160969616096961609696160969616096961609696160969616096961609696160969616096961609696
photo_2014_5590.png,1609696160969616096961609696160969616096961609696160969616096961609696160969616096961609696160969616096961609696
photo_2014_5590.png,1609696160969616096961609696160969616096961609696160969616096961609696160969616096961137373113737311373731137373
photo_2014_5116.png,9616096961609696160969616096961609696160969616096961609696160969616096961609696160969616096961609696160969616096
photo_2014_5116.png,9616096961609696160969616096961609696160969616096961609696160969616096961609696160969616096961609696160969616096
photo_2014_5590.png,1609696160969616096961609696160969616096961609696160969616096961609696160969616096961609696160969616096961609696
photo_2014_5590.png,1609696160969616096961609696160969616096961609696160969616096961609696160969616096961609696160969616096961609696
photo_2014_5590.png,1609696160969616096961609696160969616096961609696160969616096961609696160969616096961609696160969616096961609696
photo_2014_5590.png,1609696160969616096961609696160969616096961609696160969616096961609696160969616096961609696160969616096961609696
photo_2014_5590.png,1609696160969616096961609696160969616096961609696160969616096961609696160969616096961609696160969616096961609696
photo_2014_5590.png,1459696145969614596961459696128737312873731287373128737316096961609696160969616096961609696160969616096961609696
photo_2014_5590.png,1609696160969616096961609696160969616096961609696160969616096961609696160969616096961609696160969616096961609696
photo_2014_5590.png,1609696160969616096961609696160969616096961609696160969616096961609696160969616096961609696160969616096961609696
photo_2014_5590.png,1609696160969616096961609696160969616096961609696160969616096961609696160969616096961137373113737311373731137373
photo_2014_5116.png,9616096961609696160969616096961609696160969616096961609696160969616096961609696160969616096961609696160969616096
photo_2014_5116.png,9616096961609696160969616096961609696160969616096961609696160969616096961609696160969616096961609696160969616096
photo_2014_5590.png,1609696160969616096961609696160969616096961609696160969616096961609696160969616096961609696160969616096961609696
photo_2014_5590.png,1609696160969616096961609696160969616096961609696160969616096961609696160969616096961609696160969616096961609696
photo_2014_5590.png,1609696160969616096961609696160969616096961609696160969616096961609696160969616096961609696160969616096961609696
photo_2014_5590.png,1609696160969616096961609696160969616096961609696160969616096961609696160969616096961609696160969616096961609696
photo_2014_5590.png,1609696160969616096961609696160969616096961609696160969616096961609696160969616096961609696160969616096961609696
photo_2014_5590.png,1609696160969616096961609696160969616096961609696160969616096961609696160969616096961609696160969616096961609696
photo_2014_5590.png,1459696145969614596961459696128737312873731287373128737316096961609696160969616096961609696160969616096961609696
photo_2014_5590.png,1609696160969616096961609696160969616096961609696160969616096961609696160969616096961609696160969616096961609696
photo_2014_5590.png,1609696160969616096961609696160969616096961609696160969616096961609696160969616096961609696160969616096961609696
photo_2014_5116.png,9616096961609696160969616096961609696160969616096961609696160969616096961609696160969616096961609696160969616096
photo_2014_5116.png,9616096961609696160969616096961609696160969616096961609696160969616096961609696160969616096961609696160969616096
photo_2014_5590.png,1609696160969616096961609696160969616096961609696160969616096961609696160969616096961609696160969616096961609696
photo_2014_5590.png,1609696160969616096961609696160969616096961609696160969616096961609696160969616096961609696160969616096961609696
photo_2014_5590.png,1609696160969616096961609696160969616096961609696160969616096961609696160969616096961609696160969616096961609696
photo_2014_5590.png,1609696160969616096961609696160969616096961609696160969616096961609696160969616096961609696160969616096961609696
photo_2014_5590.png,1609696160969616096961609696160969616096961609696160969616096961609696160969616096961609696160969616096961609696
photo_2014_5590.png,1609696160969616096961609696160969616096961609696160969616096961609696160969616096961609696160969616096961609696
photo_2014_5590.png,1609696160969616096961609696160969616096961609696160969616096961609696160969616096961609696160969616096961609696
photo_2014_5590.png,1609696160969616096961609696160969616096961609696160969616096961609696160969616096961609696160969616096961609696
photo_2014_5590.png,1609696160969616096961609696160969616096961609696160969616096961609696160969616096961609696160969616096961609696
photo_2014_5116.png,9616096961609696160969616096961609696160969616096961609696160969616096961609696160969616096961609696160969616096
photo_2014_5116.png,9616096961609696160969616096961609696160969616096961609696160969616096961609696160969616096961609696160969616096
photo_2014_5590.png,1609696160969616096961609696160969616096961609696160969616096961609696160969616096961609696160969616096961609696
photo_2014_5590.png,1609696160969616096961609696160969616096961609696160969616096961609696160969616096961609696160969616096961609696
photo_2014_5590.png,1609696160969616096961609696160969616096961609696160969616096961609696160969616096961609696160969616096961609696
photo_2014_5590.png,1609696160969616096961609696160969616096961609696160969616096961609696160969616096961609696160969616096961609696
photo_2014_5590.png,1609696160969616096961609696160969616096961609696160969616096961609696160969616096961609696160969616096961609696
photo_2014_5590.png,1609696160969616096961609696113737311373731137373113737316096961609696160969616096961609696160969616096961609696
photo_2014_5590.png,1609696160969616096961609696160969616096961609696160969616096961609696160969616096961609696160969616096961609696
photo_2014_5590.png,1609696160969616096961609696160969616096961609696160969616096961609696160969616096961609696160969616096961609696
photo_2014_5116.png,9616096961609696160969616096961609696160969616096961609696160969616096961609696160969616096961609696160969616096
photo_2014_5116.png,9616096961609696160969616096961609696160969616096961609696160969616096961609696160969616096961609696160969616096
photo_2014_5116.png,9616096961609696160969616096961609696160969616096961609696160969616096961609696160969616096961609696160969616096
photo_2014_5590.png,1609696160969616096961609696160969616096961609696160969616096961609696160969616096961609696160969616096961609696
photo_2014_5590.png,1609696160969616096961609696160969616096961609696160969616096961609696160969616096961609696160969616096961609696
photo_2014_5590.png,1609696160969616096961609696160969616096961609696160969616096961609696160969616096961609696160969616096961609696
photo_2014_5590.png,1609696160969616096961609696160969616096961609696160969616096961609696160969616096961609696160969616096961609696
photo_2014_5590.png,1609696160969616096961609696160969616096961609696160969616096961609696160969616096961609696160969616096961609696
photo_2014_5590.png,1609696160969616096961609696113737311373731137373113737316096961609696160969616096961609696160969616096961609696
photo_2014_5590.png,1609696160969616096961609696160969616096961609696160969616096961609696160969616096961609696160969616096961609696
photo_2014_5590.png,1609696160969616096961609696160969616096961609696160969616096961609696160969616096961609696160969616096961609696
photo_2014_5116.png,9616096961609696160969616096961609696160969616096961609696160969616096961609696160969616096961609696160969616096
photo_2014_5116.png,9616096961609696160969616096961609696160969616096961609696160969616096961609696160969616096961609696160969616096
photo_2014_5116.png,9616096961609696160969616096961609696160969616096961609696160969616096961609696160969616096961609696160969616096
photo_2014_5590.png,1609696160969616096961609696160969616096961609696160969616096961609696160969616096961609696160969616096961609696
photo_2014_5590.png,1609696160969616096961609696160969616096961609696160969616096961609696160969616096961609696160969616096961609696
photo_2014_3210.png,1609696160969616096961609696160969616096961609696160969611373731137373113737311373731609696160969616096961609696
photo_2014_5590.png,1609696160969616096961609696160969616096961609696160969616096961609696160969616096961609696160969616096961609696
photo_2014_5590.png,1609696160969616096961609696160969616096961609696160969616096961609696160969616096961609696160969616096961609696
photo_2014_5590.png,1609696160969616096961609696160969616096961609696160969616096961609696160969616096961609696160969616096961609696
photo_2014_5590.png,1609696160969616096961609696113737311373731137373113737316096961609696160969616096961609696160969616096961609696
photo_2014_5590.png,1609696160969616096961609696160969616096961609696160969616096961609696160969616096961609696160969616096961609696
photo_2014_5590.png,1609696160969616096961609696160969616096961609696160969616096961609696160969616096961609696160969616096961609696
photo_2014_5116.png,9616096961609696160969616096961609696160969616096961609696160969616096961609696160969616096961609696160969616096
photo_2014_5116.png,9616096961609696160969616096961609696160969616096961609696160969616096961609696160969616096961609696160969616096
photo_2014_5590.png,1609696160969616096961609696160969616096961609696160969616096961609696160969616096961609696160969616096961609696
photo_2014_5590.png,1609696160969616096961609696160969616096961609696160969616096961609696160969616096961609696160969616096961609696
photo_2014_3210.png,1609696160969616096961609696160969616096961609696160969611373731137373113737311373731609696160969616096961609696
photo_2014_5590.png,1609696160969616096961609696160969616096961609696160969616096961609696160969616096961609696160969616096961609696
photo_2014_5590.png,1609696160969616096961609696160969616096961609696160969616096961609696160969616096961609696160969616096961609696
photo_2014_5590.png,1609696160969616096961609696160969616096961609696160969616096961609696160969616096961609696160969616096961609696
photo_2014_5590.png,1609696160969616096961609696113737311373731137373113737316096961609696160969616096961609696160969616096961609696
photo_2014_5590.png,1609696160969616096961609696160969616096961609696160969616096961609696160969616096961609696160969616096961609696
photo_2014_5590.png,1609696160969616096961609696160969616096961609696160969616096961609696160969616096961609696160969616096961609696
photo_2014_5116.png,9616096961609696160969616096961609696160969616096961609696160969616096961609696160969616096961609696160969616096
photo_2014_5116.png,9616096961609696160969616096961609696160969616096961609696160969616096961609696160969616096961609696160969616096
photo_2014_5116.png,9616096961609696160969616096961609696160969616096961609696160969616096961609696160969616096961609696160969616096
photo_2014_5116.png,9616096961609696160969616096961609696160969616096961609696160969616096961609696160969616096961609696160969616096
photo_2014_5590.png,1609696160969616096961609696160969616096961609696160969616096961609696160969616096961609696160969616096961609696
photo_2014_5590.png,1609696160969616096961609696160969616096961609696160969616096961609696160969616096961609696160969616096961609696
photo_2014_3210.png,1609696160969616096961609696160969616096961609696160969611373731137373113737311373731609696160969616096961609696
photo_2014_5590.png,1609696160969616096961609696160969616096961609696160969616096961609696160969616096961609696160969616096961609696
photo_2014_5590.png,1609696160969616096961609696160969616096961609696160969616096961609696160969616096961609696160969616096961609696
photo_2014_5590.png,1609696160969616096961609696160969616096961609696160969616096961609696160969616096961609696160969616096961609696
photo_2014_5590.png,1609696160969616096961609696113737311373731137373113737316096961609696160969616096961609696160969616096961609696
photo_2014_5590.png,1609696160969616096961609696160969616096961609696160969616096961609696160969616096961609696160969616096961609696
photo_2014_5590.png,1609696160969616096961609696160969616096961609696160969616096961609696160969616096961609696160969616096961609696
photo_2014_5116.png,9616096961609696160969616096961609696160969616096961609696160969616096961609696160969616096961609696160969616096
photo_2014_5116.png,9616096961609696160969616096961609696160969616096961609696160969616096961609696160969616096961609696160969616096
photo_2014_5116.png,9616096961609696160969616096961609696160969616096961609696160969616096961609696160969616096961609696160969616096
photo_2014_5116.png,9616096961609696160969616096961609696160969616096961609696160969616096961609696160969616096961609696160969616096
photo_2014_5590.png,1609696160969616096961609696160969616096961609696160969616096961609696160969616096961609696160969616096961609696
photo_2014_5590.png,1609696160969616096961609696160969616096961609696160969616096961609696160969616096961609696160969616096961609696
photo_2014_3210.png,1609696160969616096961609696160969616096961609696160969611373731137373113737311373731609696160969616096961609696
photo_2014_5590.png,1609696160969616096961609696160969616096961609696160969616096961609696160969616096961609696160969616096961609696
photo_2014_5590.png,1609696160969616096961609696160969616096961609696160969616096961609696160969616096961609696160969616096961609696
photo_2014_5590.png,1609696160969616096961609696160969616096961609696160969616096961609696160969616096961609696160969616096961609696
photo_2014_5590.png,1609696160969616096961609696113737311373731137373113737316096961609696160969616096961609696160969616096961609696
photo_2014_5590.png,1609696160969616096961609696160969616096961609696160969616096961609696160969616096961609696160969616096961609696
photo_2014_5590.png,1609696160969616096961609696160969616096961609696160969616096961609696160969616096961609696160969616096961609696
photo_2014_5116.png,9616096961609696160969616096961609696160969616096961609696160969616096961609696160969616096961609696160969616096
photo_2014_5116.png,9616096961609696160969616096961609696160969616096961609696160969616096961609696160969616096961609696160969616096
photo_2014_5116.png,9616096961609696160969616096961609696160969616096961609696160969616096961609696160969616096961609696160969616096
photo_2014_5116.png,9616096961609696160969616096961609696160969616096961609696160969616096961609696160969616096961609696160969616096
photo_2014_5590.png,1609696160969616096961609696160969616096961609696160969616096961609696160969616096961609696160969616096961609696
photo_2014_5590.png,1609696160969616096961609696160969616096961609696160969616096961609696160969616096961609696160969616096961609696
photo_2014_5590.png,1609696160969616096961609696160969616096961609696160969616096961609696160969616096961609696160969616096961609696
photo_2014_5590.png,1609696160969616096961609696160969616096961609696160969616096961609696160969616096961609696160969616096961609696
photo_2014_5590.png,1609696160969616096961609696160969616096961609696160969616096961609696160969616096961609696160969616096961609696
photo_2014_5590.png,1609696160969616096961609696160969616096961609696160969616096961609696160969616096961609696160969616096961609696
photo_2014_5590.png,1609696160969616096961609696160969616096961609696160969616096961609696160969616096961609696160969616096961609696
photo_2014_5590.png,1609696160969616096961609696160969616096961609696160969616096961609696160969616096961609696160969616096961609696
photo_2014_5590.png,1609696160969616096961609696160969616096961609696160969616096961609696160969616096961609696160969616096961609696
photo_2014_5116.png,9616096961609696160969616096961609696160969616096961609696160969616096961609696160969616096961609696160969616096
photo_2014_5116.png,9616096961609696160969616096961609696160969616096961609696160969616096961609696160969616096961609696160969616096
photo_2014_5116.png,9616096961609696160969616096961609696160969616096961609696160969616096961609696160969616096961609696160969616096
photo_2014_5116.png,9616096961609696160969616096961609696160969616096961609696160969616096961609696160969616096961609696160969616096
photo_2014_5590.png,1609696160969616096961609696160969616096961609696160969616096961609696160969616096961609696160969616096961609696
photo_2014_5590.png,1609696160969616096961609696160969616096961609696160969616096961609696160969616096961609696160969616096961609696
photo_2014_5590.png,1609696160969616096961609696160969616096961609696160969616096961609696160969616096961025555102555510255551025555
photo_2014_5116.png,9616096961609696160969616096961609696160969616096961609696160969616096961609696160969616096961609696160969616096
photo_2014_5116.png,9616096961609696160969616096961609696160969616096961609696160969616096961609696160969616096961609696160969616096
photo_2014_5590.png,1609696160969616096961609696160969616096961609696160969616096961609696160969616096961609696160969616096961609696
photo_2014_5590.png,1609696160969616096961609696160969616096961609696160969616096961609696160969616096961609696160969616096961609696
photo_2014_5590.png,1609696160969616096961609696160969616096961609696160969616096961609696160969616096961025555102555510255551025555
photo_2014_5116.png,9616096961609696160969616096961609696160969616096961609696160969616096961609696160969616096961609696160969616096
photo_2014_5116.png,9616096961609696160969616096961609696160969616096961609696160969616096961609696160969616096961609696160969616096
photo_2014_5116.png,9616096961609696160969616096961609696160969616096961609696160969616096961609696160969616096961609696160969616096
photo_2014_5590.png,1609696160969616096961609696160969616096961609696160969616096961609696160969616096961609696160969616096961609696
photo_2014_5590.png,1609696160969616096961609696160969616096961609696160969616096961609696160969616096961609696160969616096961609696
photo_2014_7689.png,160160160160143143137111111192160160160160160160143143137111111192160160160160160160143143137111111192160160160160160160143143137111111192160160
photo_2014_7689.png,160160160160143143137111111192160160160160160160143143137111111192160160160160160160143143137111111192160160160160160160143143137111111192160160
photo_2014_5116.png,9616096961609696160969616096961609696160969616096961609696160969616096961609696160969616096961609696160969616096
photo_2014_5116.png,9616096961609696160969616096961609696160969616096961609696160969616096961609696160969616096961609696160969616096
photo_2014_5590.png,1609696160969616096961609696160969616096961609696160969616096961609696160969616096961609696160969616096961609696
photo_2014_5590.png,1609696160969616096961609696160969616096961609696160969616096961609696160969616096961609696160969616096961609696
photo_2014_5590.png,1609696160969616096961609696160969616096961609696160969616096961609696160969616096961609696160969616096961609696
photo_2014_5590.png,1609696160969616096961609696160969616096961609696160969616096961609696160969616096961609696160969616096961609696
photo_2014_5590.png,1609696160969616096961609696160969616096961609696160969616096961609696160969616096961609696160969616096961609696
photo_2014_5116.png,9616096961609696160969616096961609696160969616096961609696160969616096961609696160969616096961609696160969616096
photo_2014_5590.png,1609696160969616096961609696160969616096961609696160969616096961609696160969616096961609696160969616096961609696
photo_2014_5590.png,1609696160969616096961609696160969616096961609696160969616096961609696160969616096961609696160969616096961609696
photo_2014_5116.png,9616096961609696160969616096961609696160969616096961609696160969616096961609696160969616096961609696160969616096
photo_2014_5116.png,9616096961609696160969616096961609696160969616096961609696160969616096961609696160969616096961609696160969616096
photo_2014_5590.png,1609696160969616096961609696160969616096961609696160969616096961609696160969616096961609696160969616096961609696
photo_2014_5116.png,9616096961609696160969616096961609696160969616096961609696160969616096961609696160969616096961609696160969616096
photo_2014_5590.png,1609696160969616096961609696160969616096961609696160969616096961609696160969616096961609696160969616096961609696
photo_2014_5116.png,9616096961609696160969616096961609696160969616096961609696160969616096961609696160969616096961609696160969616096
photo_2014_7822.png,160160160160160160160160160160160160160160160160160160160160160160160160160160160160160160160160160160160160160160160160160160160160160160160160
photo_2014_7822.png,160160160160160160160160160160160160160160160160160160160160160160160160160160160160160160160160160160160160160160160160160160160160160160160160
photo_2014_7822.png,160160160160160160160160160160160160160160160160160160160160160160160160160160160160160160160160160160160160160160160160160160160160160160160160
photo_2014_7822.png,160160160160160160160160160160160160160160160160160160160160160160160160160160160160160160160160160160160160160160160160160160160160160160160160
photo_2014_7822.png,160160160160160160160160160160160160160160160160160160160160160160160160160160160160160160160160160160160160160160160160160160160160160160160160
photo_2014_7734.png,160160160175130130145143143160160160160160160175130130145143143160160160160160160175130130145143143160160160160160160175130130145143143160160160
photo_2014_7734.png,160160160175130130145143143160160160160160160175130130145143143160160160160160160175130130145143143160160160160160160175130130145143143160160160
photo_2014_7822.png,160160160160160160160160160160160160160160160160160160160160160160160160160160160160160160160160160160160160160160160160160160160160160160160160
photo_2014_5590.png,1609696160969616096961609696160969616096961609696160969616096961609696160969616096961609696160969616096961609696
photo_2014_5590.png,1609696160969616096961609696160969616096961609696160969616096961609696160969616096961609696160969616096961609696
photo_2014_7822.png,160143160160143160160143160160143160160160160160160160160160160160160160160160160160160160160160160160160160160160160160160160160160160160160160
photo_2014_5756.png,224160160224160160224160160224160160224160160224160160224160160224160160224160160224160160224160160224160160224160160224160160224160160224160160
photo_2014_5590.png,1609696160969616096961609696160969616096961609696160969616096961609696160969616096961609696160969616096961609696
photo_2014_7822.png,160143160160143160160143160160143160160160160160160160160160160160160160160160160160160160160160160160160160160160160160160160160160160160160160
photo_2014_5590.png,1609696160969616096961609696160969616096961609696160969616096961609696160969616096961609696160969616096961609696
photo_2014_5756.png,224160160224160160224160160224160160224160160224160160224160160224160160224160160224160160224160160224160160224160160224160160224160160224160160
photo_2014_5590.png,1609696160969616096961609696160969616096961609696160969616096961609696160969616096961609696160969616096961609696
photo_2014_5116.png,9616096961609696160969616096961609696160969616096961609696160969616096961609696160969616096961609696160969616096
photo_2014_5116.png,9616096961609696160969616096961609696160969616096961609696160969616096961609696160969616096961609696160969616096
photo_2014_5116.png,9616096961609696160969616096961609696160969616096961609696160969616096961609696160969616096961609696160969616096
photo_2014_5116.png,9616096961609696160969616096961609696160969616096961609696160969616096961609696160969616096961609696160969616096
photo_2014_5116.png,9616096961609696160969616096961609696160969616096961609696160969616096961609696160969616096961609696160969616096
photo_2014_5756.png,224160160224160160224160160224160160224160160224160160224160160224160160224160160224160160224160160224160160224160160224160160224160160224160160
photo_2014_5116.png,9616096961609696160969616096961609696160969616096961609696160969616096961609696160969616096961609696160969616096
photo_2014_5116.png,9616096961609696160969616096961609696160969616096961609696160969616096961609696160969616096961609696160969616096
photo_2014_5116.png,9616096961609696160969616096961609696160969616096961609696160969616096961609696160969616096961609696160969616096
photo_2014_5756.png,224160160224160160224160160224160160224160160224160160224160160224160160224160160224160160224160160224160160224160160224160160224160160224160160
photo_2014_5116.png,9616096961609696160969616096961609696160969616096961609696160969616096961609696160969616096961609696160969616096
photo_2014_5116.png,9616096961609696160969616096961609696160969616096961609696160969616096961609696160969616096961609696160969616096
photo_2014_5116.png,9616096961609696160969616096961609696160969616096961609696160969616096961609696160969616096961609696160969616096
photo_2014_5756.png,224160160224160160224160160224160160224160160224160160224160160224160160224160160224160160224160160224160160224160160224160160224160160224160160
photo_2014_5116.png,9616096961609696160969616096961609696160969616096961609696160969616096961609696160969616096961609696160969616096
photo_2014_5116.png,9616096961609696160969616096961609696160969616096961609696160969616096961609696160969616096961609696160969616096
photo_2014_5116.png,9616096961609696160969616096961609696160969616096961609696160969616096961609696160969616096961609696160969616096
photo_2014_5756.png,224160160224160160224160160224160160224160160224160160224160160224160160224160160224160160224160160224160160224160160224160160224160160224160160
photo_2014_5116.png,9616096961609696160969616096961609696160969616096961609696160969616096961609696160969616096961609696160969616096
photo_2014_5116.png,9616096961609696160969616096961609696160969616096961609696160969616096961609696160969616096961609696160969616096
photo_2014_5116.png,9616096961609696160969616096961609696160969616096961609696160969616096961609696160969616096961609696160969616096
photo_2014_5116.png,9616096961609696160969616096961609696160969616096961609696160969616096961609696160969616096961609696160969616096
